{"bagging_fraction": 0.84, "boosting": "gbdt", "feature_fraction": 0.72, "lambda_l1": 4.540890185495676, "lambda_l2": 0.9399898504176369, "learning_rate": 0.12558906184413654, "max_bin": 104, "max_depth": 14, "metric": "MAE", "min_data_in_bin": 51, "min_data_in_leaf": 104, "min_gain_to_split": 0.1, "num_leaves": 834, "objective": "tweedie", "subsample": 0.6965081617359992}