{"bagging_fraction": 0.8, "boosting": "gbdt", "feature_fraction": 0.64, "lambda_l1": 3.121955223129162, "lambda_l2": 3.60375501138363, "learning_rate": 0.0827956253701068, "max_bin": 148, "max_depth": 15, "metric": "RMSE", "min_data_in_bin": 20, "min_data_in_leaf": 16, "min_gain_to_split": 2.45, "num_leaves": 390, "objective": "fair", "subsample": 0.8072111850873926}