{"bagging_fraction": 0.64, "boosting": "gbdt", "feature_fraction": 0.8300000000000001, "lambda_l1": 2.8551393709739408, "lambda_l2": 2.497356725565552, "learning_rate": 0.11424886414699596, "max_bin": 77, "max_depth": 20, "metric": "MAE", "min_data_in_bin": 51, "min_data_in_leaf": 34, "min_gain_to_split": 0.37, "num_leaves": 1526, "objective": "fair", "subsample": 0.6123098740959236}