{"bagging_fraction": 0.81, "boosting": "gbdt", "feature_fraction": 0.87, "lambda_l1": 1.0920291066769394, "lambda_l2": 1.7782800139136035, "learning_rate": 0.05852219961640702, "max_bin": 241, "max_depth": 23, "metric": "MAE", "min_data_in_bin": 180, "min_data_in_leaf": 22, "min_gain_to_split": 0.21, "num_leaves": 2039, "objective": "fair", "subsample": 0.9590173080419445}