{"bagging_fraction": 0.7000000000000001, "boosting": "gbdt", "feature_fraction": 0.73, "lambda_l1": 4.581876146252142, "lambda_l2": 1.2226731658453167, "learning_rate": 0.051124349113497905, "max_bin": 127, "max_depth": 18, "metric": "RMSE", "min_data_in_bin": 233, "min_data_in_leaf": 47, "min_gain_to_split": 0.9500000000000001, "num_leaves": 1702, "objective": "fair", "subsample": 0.718231292259176}