{"bagging_fraction": 0.6, "boosting": "gbdt", "feature_fraction": 0.63, "lambda_l1": 1.4316549267445837, "lambda_l2": 2.7954370735111227, "learning_rate": 0.037563021730280935, "max_bin": 136, "max_depth": 25, "metric": "RMSE", "min_data_in_bin": 246, "min_data_in_leaf": 46, "min_gain_to_split": 0.24, "num_leaves": 819, "objective": "fair", "subsample": 0.6744379647612788}