{"bagging_fraction": 0.93, "boosting": "gbdt", "feature_fraction": 0.85, "lambda_l1": 1.4324193583195184, "lambda_l2": 4.005481839166912, "learning_rate": 0.028134984679234306, "max_bin": 71, "max_depth": 24, "metric": "RMSE", "min_data_in_bin": 195, "min_data_in_leaf": 25, "min_gain_to_split": 0.4, "num_leaves": 1071, "objective": "fair", "subsample": 0.9814558679587166}