{"bagging_fraction": 0.9, "boosting": "gbdt", "feature_fraction": 0.65, "lambda_l1": 0.06798891640689642, "lambda_l2": 2.0406038701801115, "learning_rate": 0.03587519036122202, "max_bin": 149, "max_depth": 18, "metric": "RMSE", "min_data_in_bin": 86, "min_data_in_leaf": 35, "min_gain_to_split": 0.1, "num_leaves": 956, "objective": "fair", "subsample": 0.8116159226020208}