{"bagging_fraction": 0.55, "boosting": "gbdt", "feature_fraction": 0.71, "lambda_l1": 0.33660919068571216, "lambda_l2": 0.19199300185257567, "learning_rate": 0.0390173016726, "max_bin": 42, "max_depth": 20, "metric": "MAE", "min_data_in_bin": 85, "min_data_in_leaf": 42, "min_gain_to_split": 2.0300000000000002, "num_leaves": 1797, "objective": "fair", "subsample": 0.5639630825301309}