{"bagging_fraction": 0.55, "boosting": "gbdt", "feature_fraction": 0.55, "lambda_l1": 1.5020841682456707, "lambda_l2": 4.159409444144998, "learning_rate": 0.1826118453448832, "max_bin": 172, "max_depth": 25, "metric": "RMSE", "min_data_in_bin": 28, "min_data_in_leaf": 32, "min_gain_to_split": 1.48, "num_leaves": 2048, "objective": "huber", "subsample": 0.6204191896737935}