{"bagging_fraction": 0.93, "boosting": "gbdt", "feature_fraction": 0.96, "lambda_l1": 4.433767121202607, "lambda_l2": 4.884146842498026, "learning_rate": 0.19895691666280965, "max_bin": 200, "max_depth": 25, "metric": "RMSE", "min_data_in_bin": 232, "min_data_in_leaf": 66, "min_gain_to_split": 0.24, "num_leaves": 1956, "objective": "huber", "subsample": 0.85198975220874}