{"bagging_fraction": 0.7000000000000001, "boosting": "goss", "feature_fraction": 0.75, "lambda_l1": 4.042760601171832, "lambda_l2": 2.9572487946134247, "learning_rate": 0.18248742555836114, "max_bin": 122, "max_depth": 14, "metric": "MAE", "min_data_in_bin": 135, "min_data_in_leaf": 22, "min_gain_to_split": 0.1, "num_leaves": 748, "objective": "huber", "other_rate": 0.3145804530283844, "top_rate": 0.08936291362616702}