{"bagging_fraction": 0.98, "boosting": "goss", "feature_fraction": 0.88, "lambda_l1": 1.6782277216813557, "lambda_l2": 1.053645779288732, "learning_rate": 0.04343412014663201, "max_bin": 71, "max_depth": 23, "metric": "RMSE", "min_data_in_bin": 225, "min_data_in_leaf": 27, "min_gain_to_split": 0.3, "num_leaves": 901, "objective": "fair", "other_rate": 0.2795500714215179, "top_rate": 0.4784653516248601}